document_id,status,promise_section,delivery_sections,alignment_score,alignment_label,notes
AMDavid,ok,introduction,results;conclusion,0.4040,high,
ENPinho,ok,introduction,results;conclusion,0.3280,medium,
FMRolim,ok,introduction,results;conclusion,0.5123,high,
GGSouza,ok,introduction,results;conclusion,0.4525,high,
HBCReis,ok,introduction,results;conclusion,0.4680,high,
HBMHenriques,ok,introduction,results;conclusion,0.3190,medium,
LCMarques,ok,introduction,results;conclusion,0.0000,low,
LMFGaleno,ok,introduction,results;conclusion,0.6510,high,
MDFonseca,ok,introduction,results;conclusion,0.4065,high,
PVMNascimento,ok,introduction,results;conclusion,0.4224,high,
